a,add_x,add_y,b,center_x_end,center_x_start,center_y_end,center_y_start,frame_num,obj_type,r_square,speed_x,speed_y,time_end,time_stamp,time_start,track_id,track_type,volume
0.0,0.0,0.0,0.0,235253.9,235253.9,3344690.4,3344690.4,1157.0,project\data\drsu,0.0,0.0,0.0,16184704790.0,1156.0,16184703634.0,10998.0,0.0,0.049999999999999996
0.0,0.0,0.0,0.0,235253.7,235253.7,3344687.1,3344687.1,1157.0,project\data\drsu,0.0,0.0,0.0,16184704790.0,1156.0,16184703634.0,10999.0,0.0,0.049999999999999996
0.0,0.0,0.0,0.0,235253.6,235253.6,3344684.3,3344684.3,1157.0,project\data\drsu,0.0,0.0,0.0,16184704790.0,1156.0,16184703634.0,11000.0,0.0,0.049999999999999996
0.0,0.0,0.0,0.0,235252.5,235252.5,3344681.4,3344681.4,1157.0,project\data\drsu,0.0,0.0,0.0,16184704790.0,1156.0,16184703634.0,11001.0,0.0,0.049999999999999996
0.0,0.0,0.0,0.0,235248.5,235248.5,3344677.7,3344677.7,1157.0,project\data\drsu,0.0,0.0,0.0,16184704790.0,1156.0,16184703634.0,11002.0,0.0,0.049999999999999996
0.0,0.0,0.0,0.0,235259.5,235259.5,3344670.6,3344670.6,49.0,project\data\drsu,0.0,0.0,0.0,16184703807.0,48.0,16184703759.0,11085.0,0.0,0.049999999999999996
0.0,0.0,0.0,0.0,235251.5,235251.5,3344679.9,3344679.9,1015.0,project\data\drsu,0.0,0.0,0.0,16184704790.0,1014.0,16184703776.0,11090.0,0.0,0.05
0.0,0.0,0.0,0.0,235279.5,235279.5,3344518.8,3344518.8,22.0,project\data\drsu,0.0,0.0,0.0,16184703809.0,24.0,16184703785.0,11091.0,0.0,0.05000000000000002
0.0,0.0,0.0,0.0,235279.6,235279.6,3344517.8,3344517.8,94.0,project\data\drsu,0.0,0.0,0.0,16184703959.0,99.0,16184703860.0,11103.0,0.0,0.04999999999999998
0.0,0.0,0.0,0.0,235279.5,235279.5,3344518.2,3344518.2,65.0,project\data\drsu,0.0,0.0,0.0,16184704073.0,65.0,16184704008.0,11124.0,0.0,0.049999999999999996
0.0,0.0,0.0,0.0,235268.6,235268.6,3344665.7,3344665.7,40.0,project\data\drsu,0.0,0.0,0.0,16184704168.0,39.0,16184704129.0,11160.0,0.0,0.05
0.0,0.0,0.0,0.0,235261.6,235261.6,3344663.2,3344663.2,22.0,project\data\drsu,0.0,0.0,0.0,16184704154.0,21.0,16184704133.0,11162.0,0.0,0.14999999999999997
0.0,0.0,0.0,0.0,235268.6,235268.6,3344665.7,3344665.7,35.0,project\data\drsu,0.0,0.0,0.0,16184704764.0,35.0,16184704729.0,11376.0,0.0,0.05000000000000001
0.0,0.0,0.0,0.0,235251.6,235251.6,3344685.6,3344685.6,146.0,project\data\drsu,0.0,0.0,0.0,16184703779.0,145.0,16184703634.0,11021.0,0.0,1.0
-9.132372740893313,0.39999999999417923,42.10000000009313,5493158.982781228,235279.0,235278.6,3344545.9,3344503.8,267.0,project\data\drsu,0.11007883616510106,0.001503759398474358,0.15827067669207945,16184703900.0,266.0,16184703634.0,11024.0,3.0,1.0
0.0,-0.10000000000582077,-1.0,0.0,235279.6,235279.7,3344518.1,3344519.1,27.0,project\data\drsu,0.0,-0.003333333333527359,-0.03333333333333333,16184703787.0,30.0,16184703757.0,11084.0,0.0,1.0
7.7316012292725,1.8999999999941792,16.300000000279397,1525422.9177776664,235279.1,235277.2,3344504.7,3344488.4,412.0,project\data\drsu,0.8523675573069591,0.004622871046214548,0.03965936739727347,16184704242.0,411.0,16184703831.0,11099.0,2.0,0.8986650485436896
0.0,-0.39999999999417923,-0.6999999997206032,0.0,235279.1,235279.5,3344504.6,3344505.3,142.0,project\data\drsu,0.0,-0.0027210884353345527,-0.004761904760004104,16184704397.0,147.0,16184704250.0,11210.0,0.0,0.9000000000000004
0.0,0.0,-0.8000000002793968,0.0,235278.8,235278.8,3344503.8,3344504.6,386.0,project\data\drsu,0.0,0.0,-0.002077922078647784,16184704790.0,385.0,16184704405.0,11281.0,0.0,0.9000000000000002
-7.128799405545043,-1.1999999999825377,26.5,5021781.24901948,235278.6,235279.8,3344540.8,3344514.3,54.0,project\data\drsu,0.21144017521924985,-0.022641509433632787,0.5,16184704661.0,53.0,16184704608.0,11338.0,2.0,1.0
0.0,0.0,-1.1999999997206032,0.0,235279.8,235279.8,3344512.6,3344513.8,25.0,project\data\drsu,0.0,0.0,-0.04999999998835847,16184704654.0,24.0,16184704630.0,11347.0,0.0,1.0
-4.6510373054921015,0.20000000001164153,6.899999999906868,4438746.18959971,235247.6,235247.4,3344605.4,3344598.5,30.0,project\data\drsu,0.0952457608721915,0.006896551724539363,0.23793103447954717,16184704714.0,29.0,16184704685.0,11362.0,2.0,1.0
0.0,6.600000000005821,-2.2999999998137355,0.0,235259.4,235252.8,3344684.0,3344686.3,182.0,project\data\drsu,0.0,0.03646408839782221,-0.012707182319412903,16184703815.0,181.0,16184703634.0,11003.0,0.0,0.75
32.44118673128457,-1.3999999999941792,-38.6999999997206,-4287067.5334555525,235242.0,235243.4,3344462.2,3344500.9,50.0,project\data\drsu,0.8622535504227676,-0.02857142857130978,-0.789795918361645,16184703683.0,49.0,16184703634.0,11052.0,2.0,0.75
11.28081787673211,0.10000000000582077,-24.899999999906868,690386.5651196492,235278.5,235278.4,3344514.5,3344539.4,29.0,project\data\drsu,0.16000270624572122,0.003571428571636456,-0.8892857142823881,16184703749.0,28.0,16184703721.0,11080.0,2.0,1.5310344827586204
-9.687764591174359,-0.5,-45.5,5623840.443856302,235278.6,235279.1,3344493.4,3344538.9,61.0,project\data\drsu,0.07680720695831389,-0.0078125,-0.7109375,16184703795.0,64.0,16184703731.0,11082.0,2.0,0.75
12.997013475589046,-0.6000000000058208,-11.099999999627471,287070.0465325412,235247.3,235247.9,3344579.7,3344590.8,39.0,project\data\drsu,0.7941858347148238,-0.014634146341605385,-0.2707317073079871,16184703827.0,41.0,16184703786.0,11092.0,2.0,0.75
0.0,0.0,1.6000000000931323,0.0,235247.5,235247.5,3344582.6,3344581.0,26.0,project\data\drsu,0.0,0.0,0.06153846154204355,16184703864.0,26.0,16184703838.0,11100.0,0.0,0.75
-6.258727828644406,-0.40000000002328306,24.200000000186265,4817076.859685236,235278.8,235279.2,3344539.6,3344515.4,22.0,project\data\drsu,0.028508758959488678,-0.019047619048727767,1.152380952389822,16184703886.0,21.0,16184703865.0,11105.0,2.0,0.75
0.0,0.1999999999825377,2.1000000000931323,0.0,235248.4,235248.2,3344595.0,3344592.9,22.0,project\data\drsu,0.0,0.009523809522977985,0.10000000000443487,16184703931.0,21.0,16184703910.0,11111.0,0.0,0.75
23.65998998706119,0.8000000000174623,19.200000000186265,-2222109.4219021588,235281.6,235280.8,3344652.7,3344633.5,25.0,project\data\drsu,0.9127539046983889,0.03333333333406093,0.8000000000077611,16184704025.0,24.0,16184704001.0,11122.0,2.0,0.75
-16.128966868700797,1.400000000023283,-71.1999999997206,7138955.597244857,235248.2,235246.8,3344603.1,3344674.3,125.0,project\data\drsu,0.5524524781696256,0.011200000000186264,-0.5695999999977648,16184704230.0,125.0,16184704105.0,11149.0,2.0,0.75
0.0,-0.9000000000232831,-11.300000000279397,0.0,235247.8,235248.7,3344668.4,3344679.7,30.0,project\data\drsu,0.0,-0.031034482759423554,-0.38965517242342745,16184704135.0,29.0,16184704106.0,11150.0,0.0,0.75
32.339821964147774,-4.2000000000116415,-156.6999999997206,-4263290.9499297645,235245.0,235249.2,3344512.2,3344668.9,277.0,project\data\drsu,0.8528647864717214,-0.015217391304390005,-0.5677536231873935,16184704405.0,276.0,16184704129.0,11159.0,2.0,0.75
21.101848353680094,-6.899999999994179,-164.0,-1619584.2411480257,235242.4,235249.3,3344460.5,3344624.5,243.0,project\data\drsu,0.948590273095123,-0.028512396694190822,-0.6776859504132231,16184704446.0,242.0,16184704204.0,11185.0,2.0,0.75
18.82927679826164,-7.7000000000116415,-164.39999999990687,-1084968.082571005,235241.9,235249.6,3344463.0,3344627.4,277.0,project\data\drsu,0.9435638973791445,-0.02789855072467986,-0.5956521739127061,16184704494.0,276.0,16184704218.0,11192.0,2.0,0.75
28.547723295871865,-3.0,-77.89999999990687,-3371213.0804950865,235245.0,235248.0,3344513.9,3344591.8,113.0,project\data\drsu,0.9031487239613182,-0.02631578947368421,-0.6833333333325163,16184704364.0,114.0,16184704250.0,11209.0,2.0,0.75
43.41583182221222,-0.20000000001164153,-18.299999999813735,-6868905.5415456435,235247.4,235247.6,3344553.1,3344571.4,30.0,project\data\drsu,0.6083631405340277,-0.006896551724539363,-0.6310344827521978,16184704314.0,29.0,16184704285.0,11227.0,2.0,0.75
20.247123755928058,-0.7999999999883585,-16.59999999962747,-1418529.2434017716,235246.7,235247.5,3344540.2,3344556.8,35.0,project\data\drsu,0.9779885043093917,-0.023529411764363486,-0.4882352941066903,16184704372.0,34.0,16184704338.0,11250.0,2.0,0.75
33.140737674186276,-5.899999999994179,-174.20000000018626,-4451699.363363097,235244.6,235250.5,3344512.3,3344686.5,221.0,project\data\drsu,0.9321989025037958,-0.02681818181815536,-0.7918181818190285,16184704569.0,220.0,16184704349.0,11252.0,2.0,0.75
13.340848902603625,-1.7000000000116415,-31.300000000279397,206192.8898793282,235247.5,235249.2,3344594.8,3344626.1,35.0,project\data\drsu,0.9098932825956861,-0.04473684210556952,-0.8236842105336684,16184704483.0,38.0,16184704445.0,11299.0,2.0,0.75
-11.88389099682707,-0.09999999997671694,-73.10000000009313,6140322.49450916,235249.7,235249.8,3344610.0,3344683.1,211.0,project\data\drsu,0.04349689895243691,-0.0004672897195173689,-0.34158878504716417,16184704661.0,214.0,16184704447.0,11300.0,2.0,0.75
27.773251936477724,-0.6999999999825377,-23.40000000037253,-3189026.5867256173,235247.2,235247.9,3344553.8,3344577.2,31.0,project\data\drsu,0.9611402690672054,-0.02333333333275126,-0.7800000000124176,16184704533.0,30.0,16184704503.0,11314.0,2.0,0.75
0.0,-0.5,-0.7000000001862645,0.0,235249.8,235250.3,3344621.0,3344621.7,55.0,project\data\drsu,0.0,-0.007462686567164179,-0.010447761196809919,16184704584.0,67.0,16184704517.0,11320.0,0.0,0.75
14.890852888064085,-4.0,-64.60000000009313,-158481.88574974664,235242.1,235246.1,3344461.8,3344526.4,78.0,project\data\drsu,0.8471763310574479,-0.05194805194805195,-0.8389610389622485,16184704631.0,77.0,16184704554.0,11326.0,2.0,0.75
21.623285991267743,-2.599999999976717,-71.39999999990687,-1742248.1118520903,235249.7,235252.3,3344618.7,3344690.1,93.0,project\data\drsu,0.9038305634929339,-0.028260869564964316,-0.7760869565207268,16184704650.0,92.0,16184704558.0,11327.0,2.0,0.75
25.69908733219668,-1.8999999999941792,-100.79999999981374,-2701051.685330369,235247.2,235249.1,3344581.1,3344681.9,150.0,project\data\drsu,0.34813450573896887,-0.012499999999961705,-0.6631578947356167,16184704723.0,152.0,16184704571.0,11331.0,2.0,0.75
25.753086394854503,1.1000000000058208,28.899999999906868,-2714658.328998296,235279.5,235278.4,3344519.5,3344490.6,45.0,project\data\drsu,0.4924205822332651,0.02500000000013229,0.6568181818160652,16184704622.0,44.0,16184704578.0,11334.0,2.0,0.75
20.222165037133184,-7.399999999994179,-130.10000000009313,-1412647.2947722392,235243.1,235250.5,3344491.3,3344621.4,199.0,project\data\drsu,0.9645519708074416,-0.03737373737370798,-0.6570707070711774,16184704790.0,198.0,16184704592.0,11336.0,2.0,0.75
33.303052399078005,-2.3999999999941792,-132.09999999962747,-4489877.35165195,235247.0,235249.4,3344550.2,3344682.3,162.0,project\data\drsu,0.6149158667183503,-0.014545454545419268,-0.8006060606038029,16184704790.0,165.0,16184704625.0,11343.0,2.0,0.75
21.533236477844106,-3.400000000023283,-77.20000000018626,-1721054.176280868,235246.8,235250.2,3344554.9,3344632.1,164.0,project\data\drsu,0.8340419827685112,-0.020858895705664314,-0.47361963190298323,16184704790.0,163.0,16184704627.0,11345.0,2.0,0.75
30.98891885687526,-3.400000000023283,-100.10000000009313,-3945494.7611081367,235245.3,235248.7,3344511.3,3344611.4,128.0,project\data\drsu,0.9134329552997353,-0.02677165354349042,-0.7881889763786861,16184704768.0,127.0,16184704641.0,11352.0,2.0,0.75
12.278769532993218,0.09999999997671694,-3.8999999999068677,456035.8499222295,235250.3,235250.2,3344618.5,3344622.4,148.0,project\data\drsu,0.3449596816521485,0.0006802721086851492,-0.026530612244264406,16184704790.0,147.0,16184704643.0,11353.0,3.0,0.75
31.747336283515956,-2.2999999999883585,-97.5,-4123941.5950338766,235248.0,235250.3,3344544.8,3344642.3,119.0,project\data\drsu,0.9506417558898395,-0.019491525423630158,-0.826271186440678,16184704790.0,118.0,16184704672.0,11359.0,2.0,0.7516806722689076
-7.695891621561601,0.3000000000174623,-13.100000000093132,5155050.085008287,235249.2,235248.9,3344592.0,3344605.1,22.0,project\data\drsu,0.13325878692975257,0.014285714286545823,-0.6238095238139587,16184704701.0,21.0,16184704680.0,11361.0,2.0,0.75
41.79637397766106,-0.10000000000582077,-30.699999999720603,-6487946.654849468,235249.1,235249.2,3344601.6,3344632.3,41.0,project\data\drsu,0.3522022297136682,-0.002500000000145519,-0.7674999999930151,16184704733.0,40.0,16184704693.0,11363.0,2.0,0.75
0.0,-0.6000000000058208,-2.3999999999068677,0.0,235248.1,235248.7,3344628.4,3344630.8,65.0,project\data\drsu,0.0,-0.00937500000009095,-0.03749999999854481,16184704759.0,64.0,16184704695.0,11365.0,0.0,0.75
11.552715369274852,-1.2000000000116415,-12.300000000279397,626848.4999588849,235249.3,235250.5,3344613.9,3344626.2,27.0,project\data\drsu,0.39769506514705877,-0.0461538461542939,-0.47307692308766913,16184704731.0,26.0,16184704705.0,11367.0,2.0,0.75
15.327817943363332,-2.099999999976717,-39.0,-261701.6741484601,235279.2,235281.3,3344616.5,3344655.5,66.0,project\data\drsu,0.8247386565793283,-0.03134328358174204,-0.582089552238806,16184704775.0,67.0,16184704708.0,11368.0,2.0,0.75
17.886226034693628,-3.5,-70.5,-863132.1086867686,235245.3,235248.8,3344518.7,3344589.2,76.0,project\data\drsu,0.9821661900895305,-0.045454545454545456,-0.9155844155844156,16184704790.0,77.0,16184704713.0,11370.0,2.0,0.75
19.355773763251477,-3.1000000000058208,-54.90000000037253,-1208841.1792515363,235245.5,235248.6,3344518.8,3344573.7,73.0,project\data\drsu,0.9507486332899941,-0.0430555555556364,-0.762500000005174,16184704790.0,72.0,16184704718.0,11371.0,2.0,0.75
0.0,0.20000000001164153,0.09999999962747097,0.0,235248.2,235248.0,3344629.8,3344629.7,25.0,project\data\drsu,0.0,0.008333333333818397,0.004166666651144624,16184704747.0,24.0,16184704723.0,11373.0,0.0,0.75
52.49414060598571,-0.39999999999417923,-28.0,-9004608.202670896,235248.5,235248.9,3344553.3,3344581.3,35.0,project\data\drsu,0.795772716076741,-0.011764705882181743,-0.8235294117647058,16184704787.0,34.0,16184704753.0,11382.0,2.0,0.75
12.799159602374576,0.10000000000582077,-11.100000000093132,333574.09430927126,235248.5,235248.4,3344552.0,3344563.1,22.0,project\data\drsu,0.1586743767267016,0.004761904762181942,-0.5285714285758635,16184704790.0,21.0,16184704769.0,11387.0,2.0,0.75
33.36716555462208,-0.7999999999883585,-26.299999999813735,-4505331.227493598,235254.7,235255.5,3344452.0,3344478.3,38.0,project\data\drsu,0.9833337109398307,-0.021621621621306986,-0.7108108108057767,16184703671.0,37.0,16184703634.0,11053.0,2.0,3.007894736842106
0.0,0.0,0.0,0.0,235263.3,235263.3,3344687.7,3344687.7,399.0,project\data\drsu,0.0,0.0,0.0,16184704032.0,398.0,16184703634.0,11054.0,0.0,1.9500000000000006
36.162494841621516,0.7000000000116415,36.5,-5163473.243144711,235271.0,235270.3,3344512.9,3344476.4,27.0,project\data\drsu,0.9133423262194228,0.026923076923524674,1.4038461538461537,16184703668.0,26.0,16184703642.0,11072.0,2.0,2.8740740740740742
13.399461425580117,3.0,91.20000000018626,192034.49876250466,235274.9,235271.9,3344603.5,3344512.3,66.0,project\data\drsu,0.6321409911516074,0.046153846153846156,1.4030769230797886,16184703726.0,65.0,16184703661.0,11073.0,2.0,2.88
20.27047762597883,3.3999999999941792,81.3000000002794,-1424523.7134831953,235275.1,235271.7,3344632.1,3344550.8,85.0,project\data\drsu,0.8568491778680059,0.04047619047612118,0.967857142860469,16184703768.0,84.0,16184703684.0,11074.0,2.0,2.880000000000001
-14.398442233731517,-2.7000000000116415,38.0,6732239.6209508125,235273.5,235276.2,3344669.2,3344631.2,367.0,project\data\drsu,0.7728146270997076,-0.007377049180359676,0.10382513661202186,16184704123.0,366.0,16184703757.0,11083.0,2.0,2.890790190735695
3.2988375393837663,8.5,-212.90000000037253,2568482.192215086,235255.1,235246.6,3344452.3,3344665.2,245.0,project\data\drsu,0.011088863145044536,0.03483606557377049,-0.8725409836080842,16184704007.0,244.0,16184703763.0,11087.0,2.0,2.4541399416909626
-7.544526005588691,13.10000000000582,-152.6999999997206,5119514.249711439,235259.7,235246.6,3344512.1,3344664.8,172.0,project\data\drsu,0.2729432659791132,0.07660818713453696,-0.892982456138717,16184703985.0,171.0,16184703814.0,11095.0,1.0,1.9622093023255816
0.5374836785385196,19.300000000017462,9.899999999906868,3218226.8197939876,235267.1,235247.8,3344680.6,3344670.7,44.0,project\data\drsu,0.8832484362784124,0.4386363636367605,0.22499999999788337,16184703872.0,44.0,16184703828.0,11098.0,5.0,2.850000000000001
51.45287752719055,-2.6000000000058208,-180.39999999990687,-8760261.025027284,235258.1,235260.7,3344451.4,3344631.8,187.0,project\data\drsu,0.9553622725259663,-0.013978494623687209,-0.9698924731177788,16184704050.0,186.0,16184703864.0,11104.0,2.0,2.745237210100375
23.894026848286305,1.6000000000058208,43.10000000009313,-2277080.759629258,235272.4,235270.8,3344521.0,3344477.9,58.0,project\data\drsu,0.9531708519776838,0.02807017543869861,0.7561403508788269,16184703926.0,57.0,16184703869.0,11106.0,2.0,2.3524673008323425
22.38159068025671,3.0,92.3000000002794,-1921230.0726619156,235274.8,235271.8,3344604.2,3344511.9,144.0,project\data\drsu,0.8180108555846012,0.02097902097902098,0.6454545454564993,16184704042.0,143.0,16184703899.0,11109.0,2.0,2.8800000000000003
6.260096180054882,5.399999999994179,-211.59999999962747,1871845.4487520428,235251.4,235246.0,3344453.7,3344665.3,197.0,project\data\drsu,0.0750934966514506,0.027551020408133568,-1.0795918367327932,16184704098.0,196.0,16184703902.0,11110.0,2.0,2.4914409028833524
0.5856292897163272,21.5,11.100000000093132,3206899.242525788,235269.5,235248.0,3344681.4,3344670.3,33.0,project\data\drsu,0.8832174325878661,0.671875,0.3468750000029104,16184703954.0,32.0,16184703922.0,11112.0,5.0,2.25
25.79915702456933,2.3999999999941792,75.29999999981374,-2725286.5708678653,235275.1,235272.7,3344632.3,3344557.0,151.0,project\data\drsu,0.8953406435298763,0.015999999999961195,0.5019999999987582,16184704120.0,150.0,16184703970.0,11116.0,2.0,2.880000000000001
12.090828048405037,1.6999999999825377,26.40000000037253,499935.528474033,235266.4,235264.7,3344500.2,3344473.8,22.0,project\data\drsu,0.9330736352658944,0.08095238095154941,1.2571428571605967,16184704017.0,21.0,16184703996.0,11120.0,2.0,2.0654545454545468
12.063619845655024,3.1000000000058208,51.5,506300.2563569441,235271.6,235268.5,3344526.3,3344474.8,59.0,project\data\drsu,0.8326636994010288,0.053448275862169325,0.8879310344827587,16184704055.0,58.0,16184703997.0,11121.0,2.0,2.6527405917839695
17.892801660960465,4.0,96.8000000002794,-865133.3859941005,235272.6,235268.6,3344571.6,3344474.8,99.0,project\data\drsu,0.8110042988085513,0.04081632653061224,0.9877551020436673,16184704118.0,98.0,16184704020.0,11127.0,2.0,2.771083562901746
13.363403261258936,1.5,25.100000000093132,200551.58418203393,235269.7,235268.2,3344557.0,3344531.9,24.0,project\data\drsu,0.9449590378112727,0.06521739130434782,1.091304347830136,16184704058.0,23.0,16184704035.0,11129.0,2.0,2.880000000000001
0.0,0.39999999999417923,40.299999999813735,0.0,235269.9,235269.5,3344595.5,3344555.2,42.0,project\data\drsu,0.0,0.00975609756083364,0.9829268292637496,16184704090.0,41.0,16184704049.0,11133.0,0.0,2.879999999999999
16.136280677492056,2.7999999999883585,44.60000000009313,-451891.8956467175,235271.8,235269.0,3344519.7,3344475.1,43.0,project\data\drsu,0.9978314708839259,0.06666666666638948,1.0619047619069792,16184704095.0,42.0,16184704053.0,11135.0,2.0,2.1492915089237425
-15.213771121555348,-1.8999999999941792,121.90000000037253,6923974.171897087,235268.4,235270.3,3344683.2,3344561.3,141.0,project\data\drsu,0.21756875230062667,-0.013571428571386995,0.8707142857169466,16184704205.0,140.0,16184704065.0,11137.0,2.0,2.811748905990644
18.2324123864248,3.5,77.60000000009313,-945021.522663059,235274.9,235271.4,3344626.9,3344549.3,92.0,project\data\drsu,0.868439043484786,0.038461538461538464,0.8527472527482762,16184704164.0,91.0,16184704073.0,11138.0,2.0,2.880000000000001
47.68077445403667,-5.300000000017462,-239.70000000018626,-7872529.691610238,235251.4,235256.7,3344452.3,3344692.0,246.0,project\data\drsu,0.9863966966362533,-0.021632653061295765,-0.9783673469395358,16184704318.0,245.0,16184704073.0,11139.0,2.0,2.2587626412849495
-5.0612894469172955,11.599999999976717,-77.89999999990687,4535329.432933828,235257.8,235246.2,3344587.1,3344665.0,93.0,project\data\drsu,0.5166386551507451,0.12608695652148605,-0.8467391304337702,16184704172.0,92.0,16184704080.0,11140.0,5.0,2.1096774193548393
16.22006948212083,-0.20000000001164153,167.09999999962747,-471515.7939519731,235271.4,235271.6,3344678.3,3344511.2,159.0,project\data\drsu,0.06845240590565416,-0.0012658227848838073,1.057594936706503,16184704239.0,158.0,16184704081.0,11141.0,2.0,2.855094339622643
30.534227931558334,2.7999999999883585,100.6999999997206,-3839316.933343545,235275.5,235272.7,3344668.4,3344567.7,121.0,project\data\drsu,0.6357037700053458,0.02333333333323632,0.8391666666643384,16184704207.0,120.0,16184704087.0,11142.0,2.0,2.85765999590192
22.431418041325713,1.0,86.3000000002794,-1932933.9872339857,235274.4,235273.4,3344631.7,3344545.4,124.0,project\data\drsu,0.7459868500086808,0.008130081300813009,0.7016260162624341,16184704210.0,123.0,16184704087.0,11143.0,2.0,2.8800000000000017
18.394878465463396,0.8999999999941792,20.5,-983178.8429879645,235271.8,235270.9,3344616.2,3344595.7,44.0,project\data\drsu,0.9359113657966582,0.020930232558004167,0.47674418604651164,16184704138.0,43.0,16184704095.0,11146.0,2.0,2.8799999999999986
26.67758770748606,-1.5,-41.60000000009313,-2931590.1237419723,235261.7,235263.2,3344628.1,3344669.7,45.0,project\data\drsu,0.9277186629152511,-0.03409090909090909,-0.9454545454566621,16184704158.0,44.0,16184704114.0,11151.0,2.0,2.0684444444444443
-10.748966578130812,-0.39999999999417923,13.699999999720603,5873466.463734557,235270.2,235270.6,3344560.4,3344546.7,24.0,project\data\drsu,0.1140122290947726,-0.017391304347573012,0.5956521739008958,16184704137.0,23.0,16184704114.0,11152.0,2.0,2.880000000000001
30.15852842395792,2.8999999999941792,83.70000000018626,-3750920.212992293,235275.5,235272.6,3344660.6,3344576.9,111.0,project\data\drsu,0.6206335315182849,0.026363636363583447,0.7609090909107842,16184704233.0,110.0,16184704123.0,11153.0,2.0,2.8978378378378387
45.47156817519494,-5.100000000005821,-238.29999999981374,-7352793.090306964,235251.3,235256.4,3344453.5,3344691.8,233.0,project\data\drsu,0.9802760338634158,-0.021982758620714745,-1.0271551724129901,16184704356.0,232.0,16184704124.0,11154.0,2.0,2.7608355283759147
27.178526269140328,0.9000000000232831,31.299999999813735,-3049747.8261626894,235268.7,235267.8,3344508.9,3344477.6,29.0,project\data\drsu,0.9484667323839358,0.03214285714368868,1.1178571428504906,16184704153.0,28.0,16184704125.0,11155.0,2.0,2.0634482758620694
45.63014649589637,-3.8000000000174623,-177.5,-7390271.893925821,235254.9,235258.7,3344453.3,3344630.8,139.0,project\data\drsu,0.9935465741254457,-0.027536231884184508,-1.286231884057971,16184704265.0,138.0,16184704127.0,11157.0,2.0,2.8165767817400753
53.23974492675076,0.0,15.800000000279397,-9181402.47895135,235276.5,235276.5,3344663.1,3344647.3,28.0,project\data\drsu,0.28718334945392643,0.0,0.5851851851955332,16184704158.0,27.0,16184704131.0,11161.0,2.0,2.1499999999999995
22.951679331167508,1.3000000000174623,32.299999999813735,-2055239.1178527067,235265.6,235264.3,3344499.8,3344467.5,23.0,project\data\drsu,0.9539867166372078,0.05909090909170283,1.4681818181733517,16184704166.0,22.0,16184704144.0,11163.0,2.0,3.0304347826086957
-77.47572658242503,-0.09999999997671694,-143.20000000018626,21571556.863268346,235259.7,235259.8,3344548.9,3344692.1,166.0,project\data\drsu,0.3289024291314607,-0.0006024096384139575,-0.8626506024107606,16184704311.0,166.0,16184704145.0,11164.0,2.0,1.6499999999999995
27.726675779340134,-8.39999999999418,-237.89999999990687,-3178406.8996697403,235254.9,235263.3,3344453.9,3344691.8,287.0,project\data\drsu,0.9090813289029015,-0.029370629370609018,-0.8318181818178562,16184704432.0,286.0,16184704146.0,11165.0,2.0,2.215012444001991
27.529592208098784,-8.200000000011642,-237.6999999997206,-3131850.698138203,235248.4,235256.6,3344454.2,3344691.9,218.0,project\data\drsu,0.9576193991863338,-0.03778801843323337,-1.0953917050678368,16184704367.0,217.0,16184704150.0,11166.0,2.0,2.1816456948068343
28.570063801131155,1.099999999976717,35.59999999962747,-3377146.3911193493,235269.3,235268.2,3344510.8,3344475.2,31.0,project\data\drsu,0.9468403903478546,0.036666666665890565,1.1866666666542491,16184704180.0,30.0,16184704150.0,11167.0,2.0,2.349323621227888
44.86003377237841,-4.2999999999883585,-180.0,-7209225.958690213,235257.7,235262.0,3344452.1,3344632.1,128.0,project\data\drsu,0.9921496268679457,-0.03385826771644377,-1.4173228346456692,16184704280.0,127.0,16184704153.0,11168.0,2.0,2.7830126953125
19.228248585053244,-0.10000000000582077,21.800000000279397,-1179243.9778551299,235271.4,235271.5,3344618.1,3344596.3,33.0,project\data\drsu,0.6284253470905811,-0.003125000000181899,0.6812500000087311,16184704192.0,32.0,16184704160.0,11169.0,2.0,2.8800000000000003
37.23331201900691,0.40000000002328306,133.0,-5415294.03070677,235270.7,235270.3,3344679.7,3344546.7,95.0,project\data\drsu,0.44513733259680144,0.004255319149183863,1.4148936170212767,16184704263.0,94.0,16184704169.0,11171.0,2.0,2.8572631578947383
34.73790625222796,0.8999999999941792,40.10000000009313,-4828321.163916255,235271.5,235270.6,3344517.7,3344477.6,31.0,project\data\drsu,0.9668297300747983,0.029999999999805974,1.336666666669771,16184704201.0,30.0,16184704171.0,11173.0,2.0,2.0758064516129027
40.98150766420851,-5.2999999999883585,-237.89999999990687,-6296486.138149067,235251.2,235256.5,3344454.4,3344692.3,247.0,project\data\drsu,0.991146073610564,-0.02154471544710715,-0.9670731707313287,16184704421.0,246.0,16184704175.0,11174.0,2.0,2.4473526856693284
9.628679627701988,2.099999999976717,23.59999999962747,1079219.7783343233,235269.3,235267.2,3344552.3,3344528.7,20.0,project\data\drsu,0.9751112494795593,0.11052631578824826,1.2421052631382878,16184704195.0,19.0,16184704176.0,11175.0,2.0,2.88
25.29020052573225,0.8999999999941792,24.100000000093132,-2605416.06536997,235265.6,235264.7,3344498.1,3344474.0,22.0,project\data\drsu,0.989109078675238,0.042857142856865676,1.1476190476234824,16184704207.0,21.0,16184704186.0,11176.0,2.0,2.5190909090909095
5.193957225635774,-0.29999999998835847,163.79999999981374,2122621.793850473,235271.5,235271.8,3344676.5,3344512.7,100.0,project\data\drsu,0.0016614573748431338,-0.0029126213591102765,1.5902912621341139,16184704290.0,103.0,16184704187.0,11177.0,2.0,2.9537410000000017
22.78481905362951,0.6999999999825377,39.200000000186265,-2015985.564382385,235269.8,235269.1,3344599.7,3344560.5,29.0,project\data\drsu,0.6228242129160835,0.024999999999376347,1.4000000000066524,16184704222.0,28.0,16184704194.0,11179.0,2.0,2.8800000000000003
15.430190343377243,-10.099999999976717,-178.6999999997206,-285467.6868421528,235252.7,235262.8,3344513.1,3344691.8,133.0,project\data\drsu,0.9886018142441917,-0.07651515151497512,-1.3537878787857622,16184704327.0,132.0,16184704195.0,11180.0,1.0,1.964661654135338
15.536616063394602,1.1000000000058208,24.0,-310747.2603489908,235270.6,235269.5,3344562.8,3344538.8,22.0,project\data\drsu,0.8836061968804185,0.05238095238122956,1.1428571428571428,16184704216.0,21.0,16184704195.0,11181.0,2.0,2.88
38.79232341097589,0.8999999999941792,41.60000000009313,-5782223.516988955,235271.9,235271.0,3344519.0,3344477.4,37.0,project\data\drsu,0.9705957008745248,0.02499999999983831,1.1555555555581425,16184704235.0,36.0,16184704199.0,11183.0,2.0,2.3000730460189924
20.117084202582355,1.2000000000116415,29.799999999813735,-1388402.388435974,235268.2,235267.0,3344507.3,3344477.5,23.0,project\data\drsu,0.9577754297982799,0.0545454545459837,1.354545454536988,16184704221.0,22.0,16184704199.0,11184.0,2.0,1.9500000000000004
31.620016130842927,-5.199999999982538,-238.79999999981374,-4094212.9052087096,235251.6,235256.8,3344452.7,3344691.5,180.0,project\data\drsu,0.7613436810567924,-0.029050279329511385,-1.334078212289462,16184704386.0,179.0,16184704207.0,11188.0,2.0,2.3012558641975316
43.03532684781445,1.8999999999941792,113.60000000009313,-6780348.723581505,235271.9,235270.0,3344676.0,3344562.4,97.0,project\data\drsu,0.8876840202695604,0.019791666666606034,1.1833333333343035,16184704304.0,96.0,16184704208.0,11189.0,2.0,2.857731958762887
14.975368118258805,1.1999999999825377,34.60000000009313,-178666.8053035834,235272.4,235271.2,3344624.9,3344590.3,37.0,project\data\drsu,0.7770547931421525,0.03333333333284827,0.9611111111136981,16184704248.0,36.0,16184704212.0,11190.0,2.0,2.8800000000000003
30.79982004054455,3.6000000000058208,154.39999999990687,-3901811.4803662724,235276.0,235272.4,3344667.6,3344513.2,108.0,project\data\drsu,0.8854060436737747,0.03302752293583322,1.4165137614670356,16184704327.0,109.0,16184704218.0,11191.0,2.0,2.8800000000000012
14.598821560878443,1.2999999999883585,22.40000000037253,-90090.74508457605,235268.3,235267.0,3344548.7,3344526.3,25.0,project\data\drsu,0.9425502368616603,0.054166666666181605,0.9333333333488554,16184704242.0,24.0,16184704218.0,11193.0,2.0,2.880000000000001
33.112677362627956,1.6999999999825377,72.8000000002794,-4445957.690752954,235274.8,235273.1,3344632.2,3344559.4,53.0,project\data\drsu,0.8984513508695723,0.03269230769197188,1.400000000005373,16184704273.0,52.0,16184704221.0,11194.0,2.0,2.8799999999999986
28.26844129699676,1.2000000000116415,40.700000000186265,-3306239.0058032293,235271.5,235270.3,3344518.2,3344477.5,34.0,project\data\drsu,0.9599664292662726,0.036363636363989135,1.2333333333389778,16184704254.0,33.0,16184704221.0,11195.0,2.0,2.3544550173010377
29.03428960101659,0.5,23.299999999813735,-3486266.106054516,235265.4,235264.9,3344497.4,3344474.1,23.0,project\data\drsu,0.8795195942130527,0.022727272727272728,1.0590909090824425,16184704245.0,22.0,16184704223.0,11196.0,2.0,2.30695652173913
29.411744641278545,-3.5,-120.10000000009313,-3574823.009368423,235259.5,235263.0,3344571.5,3344691.6,92.0,project\data\drsu,0.9675543272641631,-0.038461538461538464,-1.3197802197812432,16184704316.0,91.0,16184704225.0,11197.0,2.0,2.0799999999999996
18.83376020805658,4.600000000005821,125.29999999981374,-1086477.6204951573,235275.2,235270.6,3344668.5,3344543.2,80.0,project\data\drsu,0.7367949872286677,0.058227848101339505,1.5860759493647307,16184704313.0,79.0,16184704234.0,11198.0,2.0,2.8800000000000003
15.212635555001848,0.8999999999941792,24.5,-234487.6476163586,235271.9,235271.0,3344618.1,3344593.6,25.0,project\data\drsu,0.8938700268061898,0.03749999999975747,1.0208333333333333,16184704259.0,24.0,16184704235.0,11199.0,2.0,2.880000000000001
34.853674219356975,-2.599999999976717,-85.5,-4855117.481601919,235259.7,235262.3,3344548.8,3344634.3,78.0,project\data\drsu,0.9848835072492158,-0.03376623376593139,-1.1103896103896105,16184704313.0,77.0,16184704236.0,11200.0,2.0,2.880000000000001
1.9784407862408413,-8.200000000011642,-20.300000000279397,2879244.768374846,235248.4,235256.6,3344671.4,3344691.7,36.0,project\data\drsu,0.8721945187495266,-0.23428571428604691,-0.5800000000079828,16184704272.0,35.0,16184704237.0,11201.0,5.0,2.875817901234568
18.37727425965668,3.7999999999883585,86.3000000002794,-979088.1321350543,235274.3,235270.5,3344631.7,3344545.4,59.0,project\data\drsu,0.8289511474423672,0.06551724137910962,1.4879310344875758,16184704297.0,58.0,16184704239.0,11203.0,2.0,2.8799999999999994
0.0,-0.20000000001164153,-0.5,0.0,235268.9,235269.1,3344579.2,3344579.7,28.0,project\data\drsu,0.0,-0.006896551724539363,-0.017241379310344827,16184704272.0,29.0,16184704243.0,11206.0,0.0,2.88
24.686265915161524,0.6000000000058208,28.5,-2463331.071536503,235269.5,235268.9,3344594.0,3344565.5,26.0,project\data\drsu,0.7806472600451351,0.02400000000023283,1.14,16184704271.0,25.0,16184704246.0,11207.0,2.0,2.8800000000000003
20.451231266083724,0.0,-47.5,-1466780.2731147509,235260.3,235260.3,3344563.4,3344610.9,54.0,project\data\drsu,0.018735995965128205,0.0,-0.8962264150943396,16184704300.0,53.0,16184704247.0,11208.0,2.0,2.8799999999999986
17.792644180438117,2.0,39.89999999990687,-841563.8687476793,235274.9,235272.9,3344598.4,3344558.5,34.0,project\data\drsu,0.9727959261735726,0.06060606060606061,1.2090909090880868,16184704286.0,33.0,16184704253.0,11212.0,2.0,2.88
16.326310722750925,0.8999999999941792,20.700000000186265,-496515.0398956556,235268.3,235267.4,3344548.2,3344527.5,21.0,project\data\drsu,0.8523001132798822,0.04499999999970896,1.0350000000093131,16184704274.0,20.0,16184704254.0,11213.0,2.0,2.88
34.340598108056724,1.3999999999941792,113.20000000018626,-4734728.133854168,235271.5,235270.1,3344677.0,3344563.8,82.0,project\data\drsu,0.5865966917080558,0.01728395061721209,1.3975308641998305,16184704338.0,81.0,16184704257.0,11214.0,2.0,2.880000000000001
28.83221380937474,0.29999999998835847,24.199999999720603,-3438726.2434802684,235265.4,235265.1,3344497.3,3344473.1,27.0,project\data\drsu,0.6945485372887926,0.011538461538013788,0.9307692307584847,16184704292.0,26.0,16184704266.0,11215.0,2.0,2.08
25.76204129255689,-6.100000000005821,-147.5,-2716081.648611269,235251.5,235257.6,3344454.7,3344602.2,106.0,project\data\drsu,0.8722127382864213,-0.05809523809529353,-1.4047619047619047,16184704372.0,105.0,16184704267.0,11216.0,2.0,2.783207547169813
46.30124826018495,0.5,28.300000000279397,-7548709.791583321,235268.3,235267.8,3344506.1,3344477.8,29.0,project\data\drsu,0.9643032688307485,0.017857142857142856,1.0107142857242641,16184704295.0,28.0,16184704267.0,11218.0,2.0,2.3682758620689652
17.06636622234205,1.3999999999941792,27.600000000093132,-670615.0355650232,235271.6,235270.2,3344618.1,3344590.5,28.0,project\data\drsu,0.967978667134728,0.051851851851636266,1.0222222222256716,16184704298.0,27.0,16184704271.0,11219.0,2.0,2.88
30.28894855435909,2.6999999999825377,106.20000000018626,-3781598.7543225153,235275.3,235272.6,3344669.1,3344562.9,77.0,project\data\drsu,0.5526727385279971,0.035526315789243916,1.3973684210550825,16184704349.0,76.0,16184704273.0,11221.0,2.0,2.8800000000000003
27.43061845401007,2.2999999999883585,115.29999999981374,-3108994.997132532,235271.3,235269.0,3344678.3,3344563.0,84.0,project\data\drsu,0.7155317430467227,0.027710843373353715,1.38915662650378,16184704358.0,83.0,16184704275.0,11222.0,2.0,2.880000000000001
33.19841305923948,0.3000000000174623,23.899999999906868,-4465947.0079078,235265.6,235265.3,3344497.9,3344474.0,25.0,project\data\drsu,0.7905215427472306,0.012500000000727596,0.9958333333294528,16184704302.0,24.0,16184704278.0,11224.0,2.0,2.976
21.833259079571516,-7.5,-181.0,-1791793.5384914372,235252.7,235260.2,3344510.4,3344691.4,122.0,project\data\drsu,0.8636596576724902,-0.06198347107438017,-1.4958677685950412,16184704406.0,121.0,16184704285.0,11226.0,2.0,2.734974469228701
16.075661066373968,1.5,29.600000000093132,-437561.6820866184,235266.5,235265.0,3344502.0,3344472.4,31.0,project\data\drsu,0.9593991742055555,0.05,0.9866666666697711,16184704318.0,30.0,16184704288.0,11228.0,2.0,2.221321540062435
2.0271855023859424,-8.300000000017462,-21.5,2867776.524677162,235248.4,235256.7,3344670.7,3344692.2,47.0,project\data\drsu,0.8526134853202457,-0.18043478260907528,-0.4673913043478261,16184704339.0,46.0,16184704293.0,11230.0,5.0,2.206382978723404
-30.807518433677146,-0.5,37.40000000037253,10592845.214648642,235274.2,235274.7,3344633.7,3344596.3,39.0,project\data\drsu,0.7627688490405709,-0.013157894736842105,0.9842105263255929,16184704335.0,38.0,16184704297.0,11231.0,2.0,2.88
23.084010484588664,-8.800000000017462,-239.1999999997206,-2086061.2862810974,235251.4,235260.2,3344452.1,3344691.3,172.0,project\data\drsu,0.9165699108669537,-0.05146198830419568,-1.3988304093550912,16184704471.0,171.0,16184704300.0,11232.0,2.0,3.3210816657652784
18.232783349424714,0.6000000000058208,16.5,-945025.3628789264,235266.5,235265.9,3344538.8,3344522.3,20.0,project\data\drsu,0.8982836781493284,0.031578947368727406,0.868421052631579,16184704320.0,19.0,16184704301.0,11233.0,2.0,2.88
42.66341162368148,0.1999999999825377,44.5,-6692722.966499146,235266.8,235266.6,3344569.1,3344524.6,33.0,project\data\drsu,0.5209902296465982,0.005405405404933452,1.2027027027027026,16184704349.0,37.0,16184704312.0,11236.0,2.0,2.8800000000000003
14.313405759184025,-7.599999999976717,-119.40000000037253,-22781.046702463213,235251.2,235258.8,3344454.8,3344574.2,86.0,project\data\drsu,0.9863621891085333,-0.08941176470560844,-1.404705882357324,16184704398.0,85.0,16184704313.0,11237.0,2.0,2.771162790697677
23.8114910118075,1.1000000000058208,29.199999999720603,-2257583.1976619554,235268.4,235267.3,3344507.4,3344478.2,28.0,project\data\drsu,0.9698460628529821,0.04074074074095632,1.0814814814711335,16184704340.0,27.0,16184704313.0,11238.0,2.0,2.228571428571428
33.27358165347259,1.099999999976717,42.0,-4483814.888627375,235271.8,235270.7,3344519.6,3344477.6,35.0,project\data\drsu,0.9720842680971341,0.03235294117578579,1.2352941176470589,16184704351.0,34.0,16184704317.0,11239.0,2.0,2.366138775510204
20.490196197542144,-3.8999999999941792,-82.70000000018626,-1475960.969580143,235254.9,235258.8,3344452.8,3344535.5,87.0,project\data\drsu,0.9820242129619068,-0.04534883720923464,-0.9616279069789101,16184704406.0,86.0,16184704320.0,11241.0,2.0,2.3206050997489753
2.133749582527745,-7.7000000000116415,-19.800000000279397,2842707.8572369195,235248.8,235256.5,3344671.8,3344691.6,41.0,project\data\drsu,0.8647817307525038,-0.19250000000029105,-0.4950000000069849,16184704368.0,40.0,16184704328.0,11243.0,5.0,2.2417073170731703
24.140781749536266,-7.2000000000116415,-177.0,-2334639.210346974,235248.4,235255.6,3344453.2,3344630.2,114.0,project\data\drsu,0.8760311240821417,-0.06371681415939506,-1.5663716814159292,16184704442.0,113.0,16184704329.0,11244.0,2.0,3.399375192366884
19.413478160414837,-2.3000000000174623,-43.89999999990687,-1222602.6952439935,235254.8,235257.1,3344512.5,3344556.4,31.0,project\data\drsu,0.9935118079367531,-0.07666666666724874,-1.463333333330229,16184704362.0,30.0,16184704332.0,11245.0,2.0,2.0799999999999996
-37.136350425286615,-0.5,87.60000000009313,12081698.799937434,235271.3,235271.8,3344601.7,3344514.1,62.0,project\data\drsu,0.4787535116337823,-0.00819672131147541,1.4360655737720185,16184704394.0,61.0,16184704333.0,11246.0,2.0,2.8799999999999986
15.599018924846213,1.5,27.0,-325421.70578790683,235269.9,235268.4,3344558.7,3344531.7,31.0,project\data\drsu,0.9732206348312671,0.05,0.9,16184704364.0,30.0,16184704334.0,11247.0,2.0,2.88
38.56624776518564,-4.399999999994179,-180.39999999990687,-5728432.314372271,235256.0,235260.4,3344511.6,3344692.0,151.0,project\data\drsu,0.9604570241967896,-0.029139072847643572,-1.19470198675435,16184704486.0,151.0,16184704335.0,11248.0,2.0,1.9157615894039732
15.511721713327796,1.1999999999825377,30.299999999813735,-304828.13901729695,235269.3,235268.1,3344603.5,3344573.2,27.0,project\data\drsu,0.6217141440115559,0.04615384615317453,1.1653846153774514,16184704363.0,26.0,16184704337.0,11249.0,2.0,2.8800000000000003
30.622259653250303,0.7999999999883585,26.700000000186265,-3859930.366144512,235268.0,235267.2,3344507.0,3344480.3,27.0,project\data\drsu,0.9617950658472159,0.030769230768783018,1.0269230769302409,16184704372.0,26.0,16184704346.0,11251.0,2.0,2.2269410150891633
39.86101910482121,0.8999999999941792,40.5,-6033539.432735089,235270.8,235269.9,3344593.1,3344552.6,32.0,project\data\drsu,0.9513701647960129,0.029032258064328364,1.3064516129032258,16184704381.0,31.0,16184704350.0,11253.0,2.0,2.8800000000000003
25.33327298996984,-5.5,-238.10000000009313,-2615223.621880245,235254.1,235259.6,3344453.8,3344691.9,176.0,project\data\drsu,0.8479725269449003,-0.03142857142857143,-1.3605714285719608,16184704527.0,175.0,16184704352.0,11254.0,2.0,2.549670712809917
13.345234939943973,1.5,23.799999999813735,204821.27488197575,235270.4,235268.9,3344559.8,3344536.0,24.0,project\data\drsu,0.9375261606500158,0.06521739130434782,1.0347826086875538,16184704376.0,23.0,16184704353.0,11256.0,2.0,2.880000000000001
36.3541435359074,0.8999999999941792,60.0,-5208336.868429084,235268.6,235267.7,3344638.1,3344578.1,399.0,project\data\drsu,0.731421781684714,0.0022613065326486915,0.1507537688442211,16184704752.0,398.0,16184704354.0,11257.0,2.0,2.8800000000000003
7.655378929638645,4.099999999976717,32.6999999997206,1543520.561316919,235271.8,235267.7,3344617.4,3344584.7,24.0,project\data\drsu,0.9761359280154458,0.1782608695642051,1.421739130422635,16184704381.0,23.0,16184704358.0,11258.0,2.0,2.880000000000001
24.276259595471732,2.2999999999883585,72.20000000018626,-2366986.4314984553,235275.3,235273.0,3344631.2,3344559.0,60.0,project\data\drsu,0.9061853559448123,0.038983050847260316,1.223728813562479,16184704428.0,59.0,16184704369.0,11261.0,2.0,2.879999999999999
75.29105175368568,0.29999999998835847,53.0,-14369273.287942832,235272.8,235272.5,3344674.1,3344621.1,39.0,project\data\drsu,0.6844262530108344,0.007894736841798908,1.394736842105263,16184704408.0,38.0,16184704370.0,11262.0,2.0,2.824615384615384
45.73209084603822,-4.899999999994179,-239.60000000009313,-7414090.316019949,235251.4,235256.3,3344452.5,3344692.1,281.0,project\data\drsu,0.982771315921391,-0.017499999999979213,-0.8557142857146184,16184704652.0,280.0,16184704372.0,11263.0,2.0,2.7410412735401026
45.64156049218539,-5.199999999982538,-240.60000000009313,-7393105.599732464,235258.1,235263.3,3344451.1,3344691.7,160.0,project\data\drsu,0.9926510585830056,-0.03270440251561344,-1.513207547170397,16184704536.0,159.0,16184704377.0,11264.0,2.0,2.4056578125000003
48.83128572949448,-5.100000000005821,-239.39999999990687,-8143344.220685712,235254.8,235259.9,3344452.4,3344691.8,184.0,project\data\drsu,0.9922916061267696,-0.027868852459048202,-1.3081967213109664,16184704560.0,183.0,16184704377.0,11265.0,2.0,2.726769258034027
29.295055383676196,0.6999999999825377,30.200000000186265,-3547665.078019143,235270.8,235270.1,3344606.7,3344576.5,33.0,project\data\drsu,0.8858300120187029,0.021874999999454303,0.9437500000058208,16184704410.0,32.0,16184704378.0,11266.0,2.0,2.8800000000000003
25.66846073385583,1.0,31.5,-2694475.40513386,235268.7,235267.7,3344508.7,3344477.2,31.0,project\data\drsu,0.8880417287560562,0.03333333333333333,1.05,16184704412.0,30.0,16184704382.0,11267.0,2.0,2.2112382934443287
29.493690245331862,0.39999999999417923,22.699999999720603,-3594336.3096371554,235265.0,235264.6,3344496.4,3344473.7,25.0,project\data\drsu,0.7932530095459577,0.016666666666424135,0.9458333333216918,16184704406.0,24.0,16184704382.0,11268.0,2.0,2.21
22.701275565874997,0.39999999999417923,19.799999999813735,-1996356.1984476447,235271.9,235271.5,3344617.5,3344597.7,27.0,project\data\drsu,0.7392727935273635,0.015384615384391509,0.7615384615312976,16184704410.0,26.0,16184704384.0,11269.0,2.0,2.8800000000000003
14.648761479476349,-11.0,-180.0,-101665.42124508854,235248.4,235259.4,3344452.5,3344632.5,169.0,project\data\drsu,0.8673840589854789,-0.06547619047619048,-1.0714285714285714,16184704553.0,168.0,16184704385.0,11270.0,1.0,2.716895066699346
22.496764965321525,0.5,19.399999999906868,-1948253.8992868732,235269.8,235269.3,3344557.5,3344538.1,23.0,project\data\drsu,0.8156713551634698,0.022727272727272728,0.8818181818139486,16184704407.0,22.0,16184704385.0,11271.0,2.0,2.88
50.37727521432082,0.29999999998835847,45.6999999997206,-8507718.780002873,235272.3,235272.0,3344674.3,3344628.6,35.0,project\data\drsu,0.4339157832246253,0.008823529411422308,1.344117647050606,16184704421.0,34.0,16184704387.0,11273.0,2.0,2.7977142857142856
13.841946409096481,2.1000000000058208,32.8000000002794,87962.23659475363,235266.0,235263.9,3344500.2,3344467.4,31.0,project\data\drsu,0.9605152196300343,0.07000000000019403,1.0933333333426465,16184704420.0,30.0,16184704390.0,11274.0,2.0,2.7155046826222677
14.436748676837084,1.3000000000174623,25.299999999813735,-51966.769704135,235271.2,235269.9,3344579.8,3344554.5,30.0,project\data\drsu,0.6949494277036776,0.0448275862074987,0.8724137930970254,16184704421.0,29.0,16184704392.0,11275.0,2.0,2.8800000000000003
19.489895831177904,2.0,40.5,-1240900.3459802745,235271.5,235269.5,3344516.8,3344476.3,37.0,project\data\drsu,0.9978921117985079,0.05555555555555555,1.125,16184704428.0,36.0,16184704392.0,11276.0,2.0,2.1518480642804967
15.901637894812062,1.1000000000058208,24.5,-396591.2137907197,235272.0,235270.9,3344619.2,3344594.7,29.0,project\data\drsu,0.9484456810482484,0.03928571428592217,0.875,16184704425.0,28.0,16184704397.0,11277.0,2.0,2.8800000000000003
39.9134942615273,-3.1999999999825377,-239.70000000018626,-6045353.708119187,235254.7,235257.9,3344451.9,3344691.6,261.0,project\data\drsu,0.76349358496245,-0.012260536398400527,-0.9183908045984148,16184704658.0,261.0,16184704397.0,11278.0,2.0,2.44996711733533
161.4204868244614,0.10000000000582077,60.799999999813735,-34633618.34356773,235275.4,235275.3,3344667.8,3344607.0,48.0,project\data\drsu,0.37748324489600893,0.0021276595745919314,1.2936170212726326,16184704451.0,47.0,16184704404.0,11279.0,2.0,2.5234114583333334
25.40763386577929,-5.399999999994179,-239.6999999997206,-2632800.678223846,235255.2,235260.6,3344452.6,3344692.3,175.0,project\data\drsu,0.8896184202265361,-0.031034482758587237,-1.377586206894946,16184704582.0,174.0,16184704408.0,11282.0,2.0,2.5335503673469377
-16.174445976221886,-1.7000000000116415,27.0,7149798.540048036,235266.5,235268.2,3344500.8,3344473.8,36.0,project\data\drsu,0.7258670595091447,-0.04857142857176119,0.7714285714285715,16184704446.0,35.0,16184704411.0,11283.0,2.0,2.657407407407407
-87.27717280943195,-0.20000000001164153,47.0,23878540.27187296,235272.0,235272.2,3344676.2,3344629.2,41.0,project\data\drsu,0.3225668826075432,-0.005000000000291038,1.175,16184704454.0,40.0,16184704414.0,11284.0,2.0,2.8404878048780486
41.3855159262259,1.1000000000058208,77.10000000009313,-6392317.039291125,235273.1,235272.0,3344589.0,3344511.9,50.0,project\data\drsu,0.8233953665477585,0.022448979591955527,1.5734693877570027,16184704463.0,49.0,16184704414.0,11285.0,2.0,2.8799999999999994
17.78985606843396,0.39999999999417923,13.199999999720603,-840820.9376515234,235266.6,235266.2,3344538.9,3344525.7,20.0,project\data\drsu,0.7907131875117106,0.021052631578641012,0.6947368420905581,16184704440.0,19.0,16184704421.0,11286.0,2.0,2.88
14.196768474613913,0.7000000000116415,22.800000000279397,4509.9903920448605,235272.6,235271.9,3344621.6,3344598.8,29.0,project\data\drsu,0.7990730282306565,0.02500000000041577,0.8142857142956927,16184704454.0,28.0,16184704426.0,11287.0,2.0,2.8800000000000003
-18.213720447107843,-0.1999999999825377,46.5,7629830.303649544,235271.7,235271.9,3344677.4,3344630.9,42.0,project\data\drsu,0.024080125455761103,-0.0048780487800618956,1.1341463414634145,16184704471.0,41.0,16184704430.0,11289.0,2.0,2.8114285714285714
32.092917809357644,-4.100000000005821,-194.10000000009313,-4205490.150789798,235253.1,235257.2,3344497.8,3344691.9,191.0,project\data\drsu,0.6021441569535285,-0.021578947368451687,-1.0215789473689112,16184704621.0,190.0,16184704431.0,11290.0,2.0,2.6962303664921476
26.002612674324055,-5.399999999994179,-239.5,-2772790.9273956977,235254.9,235260.3,3344452.4,3344691.9,200.0,project\data\drsu,0.8532272162145397,-0.02713567839193055,-1.2035175879396984,16184704631.0,199.0,16184704432.0,11291.0,2.0,2.5373575
22.518131909488975,2.1999999999825377,69.0,-1953264.6186772622,235272.3,235270.1,3344620.5,3344551.5,53.0,project\data\drsu,0.7770573377654051,0.042307692307356495,1.3269230769230769,16184704485.0,52.0,16184704433.0,11292.0,2.0,2.8799999999999986
8.318182685580947,4.899999999994179,-213.20000000018626,1387686.0020052795,235251.6,235246.7,3344452.0,3344665.2,243.0,project\data\drsu,0.04273943412960257,0.02024793388427347,-0.8809917355379597,16184704681.0,242.0,16184704439.0,11293.0,2.0,2.6046368270419484
20.635557993531318,0.7000000000116415,21.100000000093132,-1510361.1954195695,235269.2,235268.5,3344556.1,3344535.0,23.0,project\data\drsu,0.5435636895985163,0.03181818181871098,0.9590909090951424,16184704462.0,22.0,16184704440.0,11294.0,2.0,2.88
16.232094977039743,5.699999999982538,89.89999999990687,-474394.49984413566,235274.8,235269.1,3344632.1,3344542.2,53.0,project\data\drsu,0.7264623778486299,0.1096153846150488,1.728846153844363,16184704495.0,52.0,16184704443.0,11297.0,2.0,2.8799999999999986
17.867084635646453,1.3999999999941792,36.10000000009313,-859006.7168107452,235271.0,235269.6,3344595.2,3344559.1,37.0,project\data\drsu,0.7254987557895087,0.0388888888887272,1.0027777777803648,16184704489.0,36.0,16184704453.0,11301.0,2.0,2.8800000000000003
-34.031365054844144,-0.20000000001164153,47.10000000009313,11351295.743414195,235272.3,235272.5,3344675.4,3344628.3,41.0,project\data\drsu,0.11434625592529113,-0.005000000000291038,1.1775000000023284,16184704495.0,40.0,16184704455.0,11302.0,2.0,2.7746341463414637
20.09941164601527,0.10000000000582077,20.800000000279397,-1384190.2341486202,235267.0,235266.9,3344544.6,3344523.8,30.0,project\data\drsu,0.27579172005579045,0.0034482758622696816,0.7172413793199792,16184704492.0,29.0,16184704463.0,11303.0,2.0,2.8800000000000003
30.77247496246364,-5.100000000005821,-179.79999999981374,-3894866.407620781,235255.1,235260.2,3344511.5,3344691.3,138.0,project\data\drsu,0.9803707597743255,-0.03722627737230526,-1.312408759122728,16184704602.0,137.0,16184704465.0,11304.0,2.0,2.0994643982356647
29.254339077423936,0.5,49.90000000037253,-3537984.8327761046,235268.3,235267.8,3344627.2,3344577.3,285.0,project\data\drsu,0.277316948884313,0.0017605633802816902,0.1757042253534244,16184704753.0,284.0,16184704469.0,11305.0,2.0,2.8800000000000003
6.637220856075453,4.100000000005821,31.600000000093132,1783059.0825055407,235271.9,235267.8,3344615.7,3344584.1,33.0,project\data\drsu,0.883362735314433,0.1281250000001819,0.9875000000029104,16184704504.0,32.0,16184704472.0,11306.0,2.0,2.8800000000000003
106.38225224014772,0.39999999999417923,56.89999999990687,-21684488.86023628,235275.6,235275.2,3344668.4,3344611.5,41.0,project\data\drsu,0.6535710754200398,0.009999999999854481,1.4224999999976717,16184704518.0,40.0,16184704478.0,11308.0,2.0,2.8799999999999994
-5.397063009452116,7.100000000005821,-151.60000000009313,4614278.589232937,235253.0,235245.9,3344512.8,3344664.4,174.0,project\data\drsu,0.055751316115432714,0.04104046242777931,-0.8763005780352204,16184704652.0,173.0,16184704479.0,11309.0,2.0,1.9491379310344827
63.895188548884754,0.20000000001164153,48.0,-11688101.030018259,235272.2,235272.0,3344676.7,3344628.7,39.0,project\data\drsu,0.3970534041373236,0.0052631578950431985,1.263157894736842,16184704530.0,38.0,16184704492.0,11310.0,2.0,2.801538461538461
26.031755242914578,-4.199999999982538,-117.6999999997206,-2779526.603377797,235251.1,235255.3,3344453.2,3344570.9,119.0,project\data\drsu,0.8969303178934941,-0.035593220338835066,-0.9974576271162763,16184704611.0,118.0,16184704493.0,11311.0,2.0,2.6268257891391853
26.550933063634496,-8.5,-238.20000000018626,-2901772.1961569386,235254.9,235263.4,3344453.9,3344692.1,291.0,project\data\drsu,0.9474419976383008,-0.02901023890784983,-0.8129692832770862,16184704790.0,293.0,16184704497.0,11312.0,2.0,2.4147631700145253
16.81094572733626,-0.20000000001164153,46.60000000009313,-610487.3445541825,235271.9,235272.1,3344677.0,3344630.4,37.0,project\data\drsu,0.006774616128449651,-0.005555555555878932,1.2944444444470316,16184704547.0,36.0,16184704511.0,11316.0,2.0,2.7875675675675673
16.385743165251817,-11.700000000011642,-238.5,-510267.95770061965,235248.3,235260.0,3344453.8,3344692.3,219.0,project\data\drsu,0.8682950805463621,-0.05366972477069561,-1.0940366972477065,16184704732.0,218.0,16184704514.0,11317.0,1.0,2.2996966285106644
6.426387888441638,1.0,52.200000000186265,1832686.1168112142,235268.7,235267.7,3344629.2,3344577.0,277.0,project\data\drsu,0.02555537817651854,0.0036231884057971015,0.18913043478328356,16184704790.0,276.0,16184704514.0,11318.0,2.0,2.8800000000000003
0.0,0.0,0.0,0.0,235268.6,235268.6,3344578.5,3344578.5,20.0,project\data\drsu,0.0,0.0,0.0,16184704551.0,19.0,16184704532.0,11322.0,0.0,2.88
-8.705100929979146,9.5,-121.5,5392532.125499475,235255.9,235246.4,3344543.0,3344664.5,122.0,project\data\drsu,0.32295570136315355,0.07851239669421488,-1.0041322314049588,16184704661.0,121.0,16184704540.0,11323.0,2.0,2.3849596882558455
43.82956241066565,-3.7000000000116415,-170.5,-6966518.185456631,235251.8,235255.5,3344462.1,3344632.6,194.0,project\data\drsu,0.996822914110854,-0.019170984456018867,-0.883419689119171,16184704738.0,193.0,16184704545.0,11325.0,2.0,2.6335274736953984
1.7243179293187145,6.5,-152.5,2938939.5420799246,235253.0,235246.5,3344512.7,3344665.2,144.0,project\data\drsu,0.008488607104235935,0.045454545454545456,-1.0664335664335665,16184704706.0,143.0,16184704563.0,11329.0,2.0,2.4024421296296294
-8.643163437071403,0.29999999998835847,-2.6999999997206032,5377973.970723614,235261.4,235261.1,3344571.1,3344573.8,21.0,project\data\drsu,0.9737526892960621,0.014999999999417923,-0.13499999998603016,16184704593.0,20.0,16184704573.0,11332.0,,2.88
49.88919697701342,-3.1999999999825377,-179.60000000009313,-8392262.024547208,235256.6,235259.8,3344511.8,3344691.4,141.0,project\data\drsu,0.9389950772914242,-0.022857142857018127,-1.2828571428578082,16184704729.0,140.0,16184704589.0,11335.0,2,2.2081560283687938
16.05153968069894,-9.800000000017462,-179.39999999990687,-431648.15600200166,235248.4,235258.2,3344452.5,3344631.9,170.0,project\data\drsu,0.9761711430161158,-0.05632183908056013,-1.0310344827580855,16184704786.0,174.0,16184704612.0,11339.0,2,2.803060899653979
49.852462356360924,-0.8999999999941792,-36.09999999962747,-8383408.506674951,235251.4,235252.3,3344453.2,3344489.3,166.0,project\data\drsu,0.9052594905748801,-0.005454545454510177,-0.21878787878562103,16184704790.0,165.0,16184704625.0,11344.0,2,2.555783132530122
37.74218926420242,-4.2000000000116415,-160.6999999997206,-5534585.802704252,235255.5,235259.7,3344469.7,3344630.4,153.0,project\data\drsu,0.9975490528046924,-0.02763157894744501,-1.057236842103425,16184704790.0,152.0,16184704638.0,11349.0,2,2.812941176470589
-3.3633688431338977,0.6000000000058208,-6.399999999906868,4135920.824858303,235269.0,235268.4,3344621.1,3344627.5,106.0,project\data\drsu,0.20181898279186472,0.005405405405457845,-0.05765765765681863,16184704752.0,111.0,16184704641.0,11350.0,3,2.880000000000001
12.198374837151771,-8.60000000000582,-132.5,474813.4494275805,235248.3,235256.9,3344452.5,3344585.0,123.0,project\data\drsu,0.9564126209099146,-0.07049180327873623,-1.0860655737704918,16184704763.0,122.0,16184704641.0,11351.0,2,2.61525282569899
0.0,-0.7999999999883585,-15.700000000186265,0.0,235254.2,235255.0,3344510.8,3344526.5,20.0,project\data\drsu,0.0,-0.042105263157282025,-0.8263157894834876,16184704692.0,19.0,16184704673.0,11360.0,0,2.2399999999999998
-2.2325081121215486,-9.300000000017462,22.5,3869884.1225928394,235258.9,235268.2,3344665.1,3344642.6,30.0,project\data\drsu,0.9621337251121234,-0.32068965517301595,0.7758620689655172,16184704790.0,29.0,16184704761.0,11384.0,2,2.9726666666666675
-20.16151978236865,-0.9000000000232831,17.5,8088006.921193814,235267.8,235268.7,3344648.2,3344630.7,27.0,project\data\drsu,0.8510727072825646,-0.034615384616280116,0.6730769230769231,16184704790.0,26.0,16184704764.0,11385.0,2,2.8800000000000003
21.60586594332012,1.1000000000058208,26.0,-1738599.35218426,235272.4,235271.3,3344667.0,3344641.0,541.0,project\data\drsu,0.9587981821373518,0.0020370370370478164,0.04814814814814815,16184704174.0,540.0,16184703634.0,11016.0,3,9.363678373382626
0.0,0.0,0.0,0.0,235260.0,235260.0,3344692.0,3344692.0,52.0,project\data\drsu,0.0,0.0,0.0,16184704004.0,51.0,16184703953.0,11114.0,0,6.0
44.38419718577834,-5.2999999999883585,-238.29999999981374,-7097129.521395888,235254.6,235259.9,3344453.6,3344691.9,355.0,project\data\drsu,0.9964154027848278,-0.014971751412396492,-0.6731638418073834,16184704369.0,354.0,16184704015.0,11126.0,2,8.010704225352113
0.41628277518258666,17.20000000001164,6.7000000001862645,3246737.9271390447,235267.7,235250.5,3344676.5,3344669.8,33.0,project\data\drsu,0.9311428710679006,0.5375000000003638,0.20937500000582077,16184704075.0,32.0,16184704043.0,11130.0,1,6.788181818181816
26.513792030840094,-8.10000000000582,-238.70000000018626,-2893065.997555333,235255.0,235263.1,3344453.3,3344692.0,240.0,project\data\drsu,0.8958061958421589,-0.03389121338914569,-0.9987447698752563,16184704336.0,239.0,16184704097.0,11147.0,2,5.861442708333333
0.0,0.0,0.0,0.0,235259.9,235259.9,3344690.5,3344690.5,45.0,project\data\drsu,0.0,0.0,0.0,16184704144.0,44.0,16184704100.0,11148.0,0,6.0
17.772982224504617,-11.700000000011642,-239.60000000009313,-836625.1100572563,235248.3,235260.0,3344452.3,3344691.9,329.0,project\data\drsu,0.8547165868007739,-0.03567073170735256,-0.7304878048783328,16184704525.0,328.0,16184704197.0,11182.0,1,6.813441671824909
0.0,-0.6000000000058208,26.100000000093132,0.0,235266.1,235266.7,3344501.0,3344474.9,26.0,project\data\drsu,0.0,-0.02400000000023283,1.0440000000037253,16184704267.0,25.0,16184704242.0,11205.0,0,8.085458579881657
20.105719896728758,1.1000000000058208,32.0,-1385660.040782686,235267.7,235266.6,3344566.5,3344534.5,26.0,project\data\drsu,0.9422319731571707,0.04400000000023283,1.28,16184704302.0,25.0,16184704277.0,11223.0,2,9.599999999999998
-2.4870954805487133,-16.60000000000582,99.29999999981374,3929772.7894677217,235250.6,235267.2,3344675.8,3344576.5,478.0,project\data\drsu,0.24586694736874726,-0.03480083857443568,0.20817610062854033,16184704783.0,477.0,16184704306.0,11235.0,5,9.422926681955847
37.842322453194434,-1.3000000000174623,-56.700000000186265,-5558242.296526169,235262.4,235263.7,3344634.0,3344690.7,63.0,project\data\drsu,0.975917649297389,-0.020967741935765522,-0.9145161290352624,16184704505.0,62.0,16184704443.0,11296.0,2,4.18904761904762
25.50588486320546,-0.6000000000058208,-16.0,-2656003.33027388,235260.9,235261.5,3344534.7,3344550.7,28.0,project\data\drsu,0.9753668207440254,-0.02068965517261451,-0.5517241379310345,16184704642.0,29.0,16184704613.0,11340.0,2,9.6
2.006288114709367,-7.2000000000116415,-19.200000000186265,2872692.723221539,235249.3,235256.5,3344672.8,3344692.0,60.0,project\data\drsu,0.7491232409119626,-0.12203389830528207,-0.32542372881671633,16184704687.0,59.0,16184704628.0,11346.0,5,5.3625
33.81837551900087,-1.3999999999941792,-51.200000000186265,-4611603.681890454,235258.4,235259.8,3344453.4,3344504.6,87.0,project\data\drsu,0.9887702455563961,-0.01627906976737418,-0.5953488372114681,16184704748.0,86.0,16184704662.0,11356.0,2,4.749139912802224
